<?xml version="1.0" encoding="UTF-8"?>
<ivy-module version="2.0" xmlns:m="http://ant.apache.org/ivy/maven">
	<info organisation="com.amazon.deequ"
		module="deequ"
		revision="1.2.2-spark-3.0"
		status="release"
		publication="20210428130912"
	>
		<license name="Apache License, Version 2.0" url="http://aws.amazon.com/apache2.0/" />
		<description homepage="https://github.com/awslabs/deequ">
		Deequ is a library built on top of Apache Spark for defining &quot;unit tests for data&quot;,
        which measure data quality in large datasets.
		</description>
		<m:properties__maven.compiler.target>1.8</m:properties__maven.compiler.target>
		<m:properties__spark.version>3.0.1</m:properties__spark.version>
		<m:properties__maven.compiler.source>1.8</m:properties__maven.compiler.source>
		<m:properties__scala-maven-plugin.version>4.4.0</m:properties__scala-maven-plugin.version>
		<m:properties__scala.major.version>2.12</m:properties__scala.major.version>
		<m:properties__scala.version>${scala.major.version}.10</m:properties__scala.version>
		<m:properties__encoding>UTF-8</m:properties__encoding>
		<m:properties__artifact.scala.version>${scala.major.version}</m:properties__artifact.scala.version>
		<m:maven.plugins>net.alchim31.maven__scala-maven-plugin__4.4.0|org.apache.maven.plugins__maven-surefire-plugin__2.7|org.scalatest__scalatest-maven-plugin__1.0|org.scalastyle__scalastyle-maven-plugin__1.0.0|org.apache.maven.plugins__maven-jar-plugin__3.2.0|org.apache.maven.plugins__maven-resources-plugin__2.7|org.apache.rat__apache-rat-plugin__0.12|org.scoverage__scoverage-maven-plugin__1.3.0</m:maven.plugins>
	</info>
	<configurations>
		<conf name="default" visibility="public" description="runtime dependencies and master artifact can be used with this conf" extends="runtime,master"/>
		<conf name="master" visibility="public" description="contains only the artifact published by this module itself, with no transitive dependencies"/>
		<conf name="compile" visibility="public" description="this is the default scope, used if none is specified. Compile dependencies are available in all classpaths."/>
		<conf name="provided" visibility="public" description="this is much like compile, but indicates you expect the JDK or a container to provide it. It is only available on the compilation classpath, and is not transitive."/>
		<conf name="runtime" visibility="public" description="this scope indicates that the dependency is not required for compilation, but is for execution. It is in the runtime and test classpaths, but not the compile classpath." extends="compile"/>
		<conf name="test" visibility="public" description="this scope indicates that the dependency is not required for normal use of the application, and is only available for the test compilation and execution phases." extends="runtime"/>
		<conf name="system" visibility="public" description="this scope is similar to provided except that you have to provide the JAR which contains it explicitly. The artifact is always available and is not looked up in a repository."/>
		<conf name="sources" visibility="public" description="this configuration contains the source artifact of this module, if any."/>
		<conf name="javadoc" visibility="public" description="this configuration contains the javadoc artifact of this module, if any."/>
		<conf name="optional" visibility="public" description="contains all optional dependencies"/>
	</configurations>
	<publications>
		<artifact name="deequ" type="jar" ext="jar" conf="master"/>
	</publications>
	<dependencies>
		<dependency org="org.scala-lang" name="scala-library" rev="2.12.10" force="true" conf="compile->compile(*),master(*);runtime->runtime(*)"/>
		<dependency org="org.apache.spark" name="spark-core_2.12" rev="3.0.1" force="true" conf="compile->compile(*),master(*);runtime->runtime(*)"/>
		<dependency org="org.apache.spark" name="spark-sql_2.12" rev="3.0.1" force="true" conf="compile->compile(*),master(*);runtime->runtime(*)"/>
		<dependency org="org.scalanlp" name="breeze_2.12" rev="0.13.2" force="true" conf="compile->compile(*),master(*);runtime->runtime(*)"/>
		<dependency org="org.scalatest" name="scalatest_2.12" rev="3.1.2" force="true" conf="test->runtime(*),master(*)"/>
		<dependency org="org.scalamock" name="scalamock_2.12" rev="4.4.0" force="true" conf="test->runtime(*),master(*)"/>
		<dependency org="org.scala-lang" name="scala-compiler" rev="2.12.10" force="true" conf="test->runtime(*),master(*)"/>
		<dependency org="org.mockito" name="mockito-core" rev="2.28.2" force="true" conf="test->runtime(*),master(*)"/>
		<dependency org="org.openjdk.jmh" name="jmh-core" rev="1.23" force="true" conf="test->runtime(*),master(*)"/>
		<dependency org="org.openjdk.jmh" name="jmh-generator-annprocess" rev="1.23" force="true" conf="test->runtime(*),master(*)"/>
		<dependency org="org.apache.datasketches" name="datasketches-java" rev="1.3.0-incubating" force="true" conf="test->runtime(*),master(*)"/>
	</dependencies>
</ivy-module>
