<?xml version="1.0" encoding="UTF-8"?>
<ivy-module version="2.0" xmlns:m="http://ant.apache.org/ivy/maven">
	<info organisation="org.scalanlp"
		module="breeze_2.12"
		revision="0.13.2"
		status="release"
		publication="20170801040730"
	>
		<license name="Apache 2" url="http://www.apache.org/licenses/LICENSE-2.0.html" />
		<description homepage="http://scalanlp.org/">
		breeze
		</description>
	</info>
	<configurations>
		<conf name="default" visibility="public" description="runtime dependencies and master artifact can be used with this conf" extends="runtime,master"/>
		<conf name="master" visibility="public" description="contains only the artifact published by this module itself, with no transitive dependencies"/>
		<conf name="compile" visibility="public" description="this is the default scope, used if none is specified. Compile dependencies are available in all classpaths."/>
		<conf name="provided" visibility="public" description="this is much like compile, but indicates you expect the JDK or a container to provide it. It is only available on the compilation classpath, and is not transitive."/>
		<conf name="runtime" visibility="public" description="this scope indicates that the dependency is not required for compilation, but is for execution. It is in the runtime and test classpaths, but not the compile classpath." extends="compile"/>
		<conf name="test" visibility="public" description="this scope indicates that the dependency is not required for normal use of the application, and is only available for the test compilation and execution phases." extends="runtime"/>
		<conf name="system" visibility="public" description="this scope is similar to provided except that you have to provide the JAR which contains it explicitly. The artifact is always available and is not looked up in a repository."/>
		<conf name="sources" visibility="public" description="this configuration contains the source artifact of this module, if any."/>
		<conf name="javadoc" visibility="public" description="this configuration contains the javadoc artifact of this module, if any."/>
		<conf name="optional" visibility="public" description="contains all optional dependencies"/>
	</configurations>
	<publications>
		<artifact name="breeze_2.12" type="jar" ext="jar" conf="master"/>
	</publications>
	<dependencies>
		<dependency org="org.scala-lang" name="scala-library" rev="2.12.1" force="true" conf="compile->compile(*),master(*);runtime->runtime(*)"/>
		<dependency org="org.scalanlp" name="breeze-macros_2.12" rev="0.13.2" force="true" conf="compile->compile(*),master(*);runtime->runtime(*)"/>
		<dependency org="junit" name="junit" rev="4.12" force="true" conf="test->runtime(*),master(*)"/>
		<dependency org="org.scalacheck" name="scalacheck_2.12" rev="1.13.4" force="true" conf="test->runtime(*),master(*)"/>
		<dependency org="org.scalatest" name="scalatest_2.12" rev="3.0.1" force="true" conf="test->runtime(*),master(*)"/>
		<dependency org="com.github.fommil.netlib" name="core" rev="1.1.2" force="true" conf="compile->compile(*),master(*);runtime->runtime(*)"/>
		<dependency org="net.sourceforge.f2j" name="arpack_combined_all" rev="0.1" force="true" conf="compile->compile(*),master(*);runtime->runtime(*)"/>
		<dependency org="net.sf.opencsv" name="opencsv" rev="2.3" force="true" conf="compile->compile(*),master(*);runtime->runtime(*)"/>
		<dependency org="com.github.rwl" name="jtransforms" rev="2.4.0" force="true" conf="compile->compile(*),master(*);runtime->runtime(*)"/>
		<dependency org="org.apache.commons" name="commons-math3" rev="3.2" force="true" conf="compile->compile(*),master(*);runtime->runtime(*)"/>
		<dependency org="org.spire-math" name="spire_2.12" rev="0.13.0" force="true" conf="compile->compile(*),master(*);runtime->runtime(*)"/>
		<dependency org="com.chuusai" name="shapeless_2.12" rev="2.3.2" force="true" conf="compile->compile(*),master(*);runtime->runtime(*)"/>
		<dependency org="org.slf4j" name="slf4j-api" rev="1.7.5" force="true" conf="compile->compile(*),master(*);runtime->runtime(*)"/>
		<dependency org="org.apache.logging.log4j" name="log4j-slf4j-impl" rev="2.0-beta9" force="true" conf="test->runtime(*),master(*)"/>
		<dependency org="org.apache.logging.log4j" name="log4j-core" rev="2.0-beta9" force="true" conf="test->runtime(*),master(*)"/>
		<dependency org="org.apache.logging.log4j" name="log4j-api" rev="2.0-beta9" force="true" conf="test->runtime(*),master(*)"/>
		<dependency org="org.scala-lang.modules" name="scala-xml_2.12" rev="1.0.6" force="true" conf="test->runtime(*),master(*)"/>
	</dependencies>
</ivy-module>
